,socname,phylo,men,women,cultural,polygamy,ordinal,nsp,wives,stress,stress2,fcont1,fcontmean,hunt,fish,gather,hunt2,fish2,gather2,plow,timesub,submode,submode2,mort,density,assfreq,femarr,maggr,intwar,proxi,ineq,strat,temp,lati,hemi,region,clim
1,Nama Hottentot,Nama_Hottentot,5,12,3,3,4,0,1.079545455,8,1,35,4,3,1,1,4,1,3,0,2,6,4,3,1,NA,4,NA,17,3,NA,2,21,27,2,1,2
2,Kung Bushmen,Kung_Bushmen,10,19,3,3,3,0,1.111111111,10,2,60,4,2,0,8,4,1,5,0,NA,1,7,0,1,1,5,NA,1,4,1,1,21,22,2,1,2
3,Thonga,Thonga,40,66,5,4,5,0,1.764705882,11,2,38,5,1,1,0,3,2,2,0,3,8,3,NA,6,NA,3,2,NA,2,NA,3,24,24,2,1,5
4,Lozi,Lozi,40,NA,5,4,5,1,NA,16,2,40,4,2,1,1,3,3,2,0,NA,11,1,NA,4,NA,2,NA,11,2,NA,4,23,15,2,1,5
5,Mbundu,Mbundu,27,45,5,4,5,1,1.327272727,15,2,50,5,1,1,1,3,2,2,0,2,8,3,NA,4,NA,5,2,5,3,NA,4,18,12,2,1,5
6,Suku,Suku,27,41,5,4,5,1,1.237288136,18,3,NA,7,2,1,1,3,2,3,0,NA,8,3,4,4,7,NA,NA,8,3,NA,3,NA,NA,NA,1,5
7,Bemba,Bemba,2,7,3,3,5,0,1.053763441,15,2,63,5,1,1,1,4,3,3,0,2,8,3,NA,3,NA,2,2,17,2,NA,3,21,10,2,1,5
8,Nyakyusa,Nyakyusa,44,70,5,4,5,1,1.866666667,17,3,18,3,1,1,0,3,2,2,0,NA,11,1,0,5,NA,6,NA,1,2,NA,1,18,9,2,1,5
9,Hadza,Hadza,6,12,2,3,4,0,1.068181818,16,2,60,5,4,0,6,4,1,5,0,2,1,8,0,2,NA,NA,2,1,2,1,1,23,NA,1,1,5
10,Luguru,Luguru,NA,NA,3,3,3,0,NA,14,2,NA,4,1,1,0,3,2,2,0,NA,8,3,NA,7,NA,5,NA,1,3,NA,2,26,7,2,1,5
11,Kikuyu,Kikuyu,NA,32,5,4,5,1,NA,19,3,53,5,0,0,0,3,1,NA,0,2,6,1,3,6,7,2,2,1,2,NA,2,17,2,2,1,5
12,Ganda,Ganda,55,80,5,4,5,1,2.25,18,3,53,6,1,1,0,4,3,2,0,NA,9,2,6,6,NA,4,NA,15,1,NA,4,20,1,1,1,5
13,Mbuti,Mbuti,6,12,3,3,3,0,1.068181818,17,3,48,5,7,0,3,4,2,4,0,2,1,7,NA,2,5,2,3,NA,4,1,1,23,2,1,1,3
14,Nkundo Mongo,Nkundo_Mongo,NA,NA,5,4,4,1,NA,18,3,60,7,1,2,1,3,2,2,0,NA,8,3,NA,3,NA,2,NA,11,3,NA,3,25,1,2,1,3
15,Banen,Banen,NA,NA,5,4,5,1,NA,20,3,NA,8,1,0,1,3,2,2,0,3,8,3,NA,4,NA,NA,3,NA,3,NA,2,21,6,1,1,3
16,Tiv,Tiv,20,52,5,4,5,1,1.666666667,17,3,NA,5,2,1,1,3,2,2,0,NA,8,3,NA,5,5,6,NA,17,3,NA,2,27,8,1,1,5
17,Ibo,Ibo,24,46,5,4,5,1,1.407407407,19,3,68,6,0,0,0,1,2,2,0,3,8,3,NA,7,7,NA,NA,12,3,NA,2,27,6,1,1,3
18,Fon,Fon,NA,NA,5,4,4,NA,NA,18,3,48,4,2,1,0,4,1,2,0,NA,8,3,NA,5,NA,4,NA,3,1,NA,4,26,8,1,1,5
19,Ashanti,Ashanti,49,72,5,4,5,1,1.821428571,18,3,35,5,1,2,0,4,2,2,0,NA,8,3,NA,5,NA,4,NA,1,2,NA,3,26,7,1,1,5
20,Mende,Mende,90,97,5,4,5,1,3.333333333,17,3,NA,4,0,1,1,3,2,2,0,NA,8,3,NA,5,NA,4,NA,3,3,NA,4,26,8,1,1,3
21,Wolof,Wolof,39,61,5,4,5,1,1.564102564,19,3,15,2,0,1,0,3,2,2,0,3,8,3,0,6,NA,5,2,1,NA,NA,5,24,15,1,2,5
22,Bambara,Bambara,NA,NA,5,4,4,1,NA,19,3,40,4,0,1,2,3,2,2,0,NA,11,1,NA,4,8,6,NA,NA,NA,NA,4,28,13,1,1,5
23,Tallensi,Tallensi,40,62,5,4,5,1,1.578947368,21,3,33,3,0,0,1,3,2,2,0,2,11,1,0,6,1,4,3,1,3,NA,2,NA,NA,NA,1,5
24,Songhai,Songhai,1,2,2,3,3,0,1.010204082,17,3,NA,2,0,2,0,3,2,2,0,NA,11,1,NA,4,3,6,NA,1,3,NA,5,29,17,1,2,2
25,Pastoral Fulani,Pastoral_Fulani,35,54,5,4,5,1,1.413043478,15,2,NA,5,0,0,0,3,1,2,0,2,6,4,NA,3,6,4,2,7,3,NA,1,26,12,1,2,5
26,Hausa,Hausa,40,59,5,4,5,1,1.463414634,18,3,NA,1,0,0,1,3,2,2,0,NA,11,1,NA,5,NA,6,NA,15,3,NA,5,25,11,1,2,5
27,Massa (Masa),Massa_Masa,NA,NA,5,4,5,1,NA,21,3,45,4,1,3,0,3,3,2,0,1,11,1,NA,5,NA,NA,1,NA,NA,NA,1,29,11,1,1,5
28,Azande,Azande,32,57,5,4,5,1,1.581395349,20,3,60,5,2,1,1,4,2,3,0,NA,8,3,6,3,8,5,NA,17,2,NA,3,25,5,1,1,5
29,Fur (Darfur),Fur_Darfur,NA,NA,3,3,4,0,NA,13,2,53,5,0,1,0,4,3,2,0,2,11,1,NA,4,3,4,2,NA,1,NA,3,27,10,1,2,6
30,Otoro Nuba,Otoro_Nuba,60,77,5,4,5,1,1.739130435,18,3,35,4,2,0,0,3,1,1,0,NA,11,1,NA,4,1,4,NA,13,3,NA,2,27,11,1,1,5
31,Shilluk,Shilluk,23,37,5,4,5,1,1.222222222,16,2,NA,2,1,1,1,4,3,2,0,2,8,3,6,5,8,1,2,11,3,NA,5,27,9,1,1,5
32,Mao,Mao,5,10,4,3,3,NA,1.055555556,15,2,NA,3,1,1,1,4,3,2,0,NA,7,3,NA,4,NA,NA,NA,NA,NA,NA,1,27,8,1,1,5
33,Kaffa (Kafa),MISSING_Kafa_Kaffa,NA,NA,5,4,5,1,NA,19,3,NA,3,1,0,1,3,1,3,1,1,12,1,NA,5,NA,NA,1,NA,2,NA,4,27,8,1,2,6
34,Masai,Masai,41,61,5,4,5,1,1.512820513,16,2,45,5,1,0,0,1,1,2,0,NA,6,4,NA,3,NA,NA,NA,13,1,NA,1,17,1,2,1,5
35,Konso,Konso,10,24,3,3,5,1,1.184210526,12,2,40,4,0,0,0,3,1,1,1,2,12,1,NA,6,NA,2,1,NA,2,NA,2,27,8,1,2,6
36,Somali,Somali,43,65,5,4,5,1,1.628571429,15,2,NA,5,0,0,0,3,1,2,0,NA,6,4,NA,4,9,5,NA,17,2,NA,2,24,8,1,2,2
37,Amhara,Amhara,0,0,1,2,2,0,1,15,2,30,2,0,1,0,3,2,2,1,2,12,1,NA,5,1,5,1,NA,2,NA,5,26,13,1,2,6
38,Bogo,Bogo,NA,NA,3,3,3,NA,NA,15,2,0,0,0,0,0,3,1,2,0,NA,6,4,NA,3,NA,NA,NA,NA,NA,NA,4,21,16,1,2,2
39,Kenuzi Nubians,Kenuzi_Nubians,NA,NA,3,3,4,NA,NA,15,2,15,3,0,1,0,3,2,1,0,1,11,1,NA,NA,NA,NA,NA,NA,1,NA,2,26,24,1,2,2
40,Teda,Teda,10,22,4,3,4,1,1.153846154,10,2,73,5,0,0,2,3,1,2,0,NA,6,1,NA,1,NA,6,NA,NA,3,NA,3,29,18,1,2,2
41,Tuareg,Tuareg,0,0,1,2,2,NA,1,16,2,NA,4,1,0,1,3,1,2,0,2,6,4,2,1,1,2,2,17,NA,NA,4,21,23,1,2,2
42,Riffians,Riffians,11,25,4,3,4,0,1.186666667,10,2,15,2,1,1,0,3,2,3,1,NA,12,1,NA,6,8,2,NA,17,3,NA,2,18,35,1,2,2
43,Egyptians,Egyptians,3,7,2,3,3,0,1.043010753,16,2,23,2,0,1,0,1,2,1,1,1,12,1,NA,7,5,6,1,5,2,NA,5,24,26,1,2,2
44,Hebrews,Hebrews,NA,NA,5,3,4,1,NA,13,2,8,1,2,1,0,4,2,2,1,NA,12,1,NA,7,NA,NA,NA,7,3,NA,5,20,32,1,2,2
45,Babylonians,Babylonians,NA,NA,2,3,3,0,NA,13,2,0,0,0,2,0,2,3,1,1,NA,12,1,NA,7,NA,NA,NA,NA,NA,NA,5,23,32,1,2,2
46,Rwala Bedouin,Rwala_Bedouin,NA,NA,5,4,4,1,NA,12,2,10,1,1,0,1,3,1,2,0,NA,6,4,4.5,2,7,NA,NA,17,2,NA,2,18,33,1,2,2
47,Turks,Turks,3,6,2,3,3,0,1.031914894,12,2,0,3,0,0,0,1,1,2,1,3,12,1,0,5,9,5,1,1,3,NA,5,13,38,1,2,2
48,Gheg Albanians,Gheg_Albanians,24,41,5,4,5,1,1.288135593,11,2,40,5,0,0,0,3,2,2,1,NA,12,1,6,5,9,6,NA,15,NA,NA,2,15,42,1,2,4
49,Romans,Romans,0,0,1,2,3,NA,1,11,2,0,0,0,2,0,1,2,1,1,NA,12,1,NA,7,NA,6,3,1,3,NA,5,15,42,1,2,4
50,Basques,Basques,0,0,1,2,2,0,1,9,1,23,3,0,2,0,3,2,2,1,NA,12,1,NA,4,NA,NA,NA,1,3,NA,5,12,43,1,2,4
51,Irish,Irish,0,0,1,2,2,0,1,9,1,23,3,1,0,0,1,2,1,1,2,12,1,NA,5,NA,5,2,1,2,NA,5,10,53,1,2,4
52,Lapps,Lapps,0,0,1,2,2,0,1,7,1,40,5,2,2,0,3,3,2,0,NA,6,4,0,3,1,2,NA,1,4,NA,2,-1,67,1,2,1
53,Yurak Samoyed,Yurak_Samoyed,0,0,2,3,3,0,1,7,1,0,2,3,3,0,3,3,2,0,2,6,4,2,1,3,6,NA,7,NA,3,2,-8,67,1,3,1
54,Russians,Russians,0,0,1,2,2,NA,1,10,2,25,4,0,0,0,1,2,2,1,NA,12,1,6,4,9,NA,NA,17,4,NA,5,0,52,1,2,4
55,Abkhaz,Abkhaz,NA,NA,3,3,4,NA,NA,11,2,NA,2,0,0,1,3,2,2,1,2,6,1,NA,5,NA,5,1,17,1,NA,5,NA,NA,NA,2,4
56,Armenians,Armenians,0,0,1,2,2,0,1,11,2,30,3,0,0,0,NA,NA,NA,1,NA,11,1,NA,5,NA,NA,NA,NA,3,NA,5,6,40,1,2,4
57,Kurd,Kurd,4,7,3,3,4,0,1.032258065,14,2,23,3,0,1,0,3,2,1,1,1,12,1,NA,6,3,5,1,7,NA,NA,3,24,31,1,2,4
58,Basseri,Basseri,NA,NA,4,3,4,0,NA,11,2,NA,3,1,0,0,3,1,2,0,NA,6,4,NA,3,NA,6,NA,NA,NA,NA,2,18,30,1,3,2
59,Punjabi (West),Punjabi_West,0,0,1,2,4,NA,1,13,2,5,1,0,0,0,3,2,1,1,1,12,1,6,6,9,NA,3,10,3,NA,5,24,31,1,3,2
60,Gond,Gond,NA,NA,NA,4,4,0,NA,16,2,45,3,1,0,2,3,2,3,0,NA,8,3,0,4,1,1,NA,1,NA,NA,2,27,21,1,3,5
61,Toda,Toda,1,1,2,1,1,0,1,15,2,10,1,0,0,1,1,1,3,0,1,6,4,0,5,1,5,NA,1,3,NA,1,24,13,1,3,5
62,Santal,Santal,2,4,2,3,3,0,1.020833333,15,2,38,3,1,1,0,3,2,2,1,NA,12,1,0,6,NA,5,NA,1,3,NA,1,25,24,1,3,5
63,Uttar Pradesh,Uttar_Pradesh,NA,NA,2,3,4,NA,NA,15,2,0,2,0,0,0,1,2,2,1,1,12,1,NA,7,5,NA,3,3,4,NA,5,25,25,1,3,4
64,Burusho,Burusho,NA,NA,2,3,NA,0,NA,11,2,30,2,0,0,0,1,1,2,1,NA,12,1,0,3,1,5,NA,1,3,NA,5,15,28,1,3,4
65,Kazak,Kazakh,10,18,4,4,5,1,1.097560976,11,2,25,2,1,0,0,3,2,1,0,NA,6,4,NA,3,5,5,1,13,4,NA,4,9,45,1,3,2
66,Khalka Mongols,Khalka_Mongols,0,0,1,2,2,0,1,7,1,40,5,1,0,0,3,2,2,1,NA,6,4,4.75,3,3,NA,NA,9,3,NA,4,-8,66,1,3,2
67,Lolo,Lolo,3,5,4,3,3,0,1.021052632,12,2,45,4,1,0,0,3,2,NA,1,2,12,1,2.75,3,6,4,2,15,4,NA,4,4,29,1,3,4
68,Lepcha,Lepcha,21,35,2,3,4,0,1.215384615,12,2,45,5,1,0,0,3,2,3,1,NA,12,1,0,5,1,5,NA,1,4,NA,2,1,28,1,3,2
69,Garo,Garo,9,17,4,3,3,0,1.096385542,17,3,50,4,0,1,0,NA,1,2,0,2,7,3,0,5,5,3,3,1,4,NA,2,24,27,1,3,3
70,Lakher,Lakher,NA,NA,2,2,3,0,NA,16,2,35,4,2,1,0,3,2,2,0,NA,7,3,3,4,1,4,NA,4,3,NA,4,25,23,1,3,3
71,Burmese,Burmese,0,0,1,2,3,0,1,16,2,20,2,0,0,0,3,3,2,1,2,12,1,6,6,9,2,3,17,3,NA,5,27,20,1,3,5
72,Lamet,Lamet,NA,NA,2,4,3,0,NA,11,2,45,4,2,0,1,4,2,2,0,NA,7,3,NA,1,NA,NA,NA,NA,NA,NA,2,20,23,1,3,5
73,Vietnamese,Vietnamese,NA,NA,3,3,5,1,NA,14,2,NA,2,0,2,0,3,3,2,1,2,12,1,6,7,9,5,NA,17,4,NA,5,25,17,1,3,4
74,Rhade,Rhade,NA,NA,2,2,NA,0,NA,14,2,25,3,1,0,0,NA,2,2,0,NA,8,3,5,7,5,NA,NA,6,3,NA,2,27,13,1,3,5
75,Khmer,Khmer,NA,NA,4,3,3,0,NA,14,2,NA,4,0,2,1,3,3,2,1,2,12,1,NA,5,1,5,3,5,4,NA,5,NA,NA,NA,3,5
76,Siamese,Siamese,1,2,2,3,3,0,1.010204082,14,2,25,3,0,1,0,1,3,2,1,NA,12,1,NA,6,NA,4,NA,NA,3,NA,5,28,16,1,3,5
77,Semang,Semang,1,2,2,3,3,0,1.010204082,14,2,20,3,3,3,4,4,2,4,0,2,1,7,0,1,1,2,1,1,4,1,1,18,5,1,3,3
78,Nicobarese,Nicobarese,0,0,2,3,2,0,1,8,1,33,4,1,2,1,3,3,2,0,NA,9,2,NA,5,1,2,NA,1,4,NA,1,28,7,1,3,3
79,Andamanese,Andamanese,0,0,1,2,3,0,1,13,2,50,4,2,4,4,4,4,3,0,2,3,6,NA,3,5,2,2,13,4,1.5,1,26,12,1,3,3
80,Vedda,Vedda,0,0,1,2,2,0,1,13,2,20,1,3,3,4,5,2,3,0,NA,2,7,0,1,1,6,NA,1,4,1,1,28,8,1,3,3
81,Tanala,Tanala,31,52,5,3,5,1,1.4375,17,3,35,4,0,2,0,3,2,2,0,1,11,1,NA,3,3,4,1,9,3,NA,4,25,21,2,3,3
82,Negri Sembilan,Negri_Sembilan,NA,NA,4,3,4,NA,NA,12,2,70,6,0,1,0,2,3,2,0,NA,12,1,NA,7,NA,6,NA,10,3,NA,3,24,20,1,3,3
83,Javanese,Javanese,2,4,3,3,3,0,1.020833333,14,2,45,4,0,0,0,1,1,1,1,2,12,1,NA,7,NA,6,3,17,3,NA,5,25,7,2,4,3
84,Balinese,Balinese,18,35,4,2,4,0,1.261538462,12,2,15,1,0,0,0,3,2,NA,1,NA,12,1,NA,7,3,1,NA,17,4,NA,5,26,7,2,4,5
85,Iban,Iban,0,0,1,2,2,0,1,9,1,40,4,0,2,0,3,2,2,0,2,7,3,0,4,NA,2,2,1,NA,NA,2,27,2,1,4,3
86,Badjau,Badjau,0,0,1,3,2,NA,1,11,2,35,4,0,8,0,1,5,1,0,NA,3,6,NA,1,1,NA,NA,1,4,2,2,27,6,1,4,3
87,Toradja,Toradja,NA,NA,3,3,3,0,NA,16,2,NA,5,2,0,0,4,2,2,0,2,7,3,NA,4,NA,NA,2,13,2,NA,2,26,5,2,4,3
88,Tobelorese,MISSING_Tobelorese,0,0,1,2,2,0,1,13,2,NA,5,1,2,1,3,3,2,0,NA,7,3,NA,4,NA,NA,NA,NA,3,NA,2,27,2,1,4,3
89,Alorese,Alorese,27,44,4,3,4,0,1.303571429,15,2,68,7,0,0,2,3,2,2,0,3,7,3,0,7,9,2,2,1,4,NA,2,28,8,2,4,5
90,Tiwi,Tiwi,70,90,5,4,5,1,3,12,2,60,5,3,2,5,4,3,4,0,NA,1,7,2.5,2,9,6,NA,11,4,2,1,28,12,2,4,5
91,Aranda,Aranda,60,78,5,4,5,0,1.818181818,9,1,60,5,4,0,6,5,2,3,0,3,1,7,NA,2,NA,6,NA,NA,3,1,1,21,23,2,4,2
92,Orokaiva,Orokaiva,5,10,4,3,3,0,1.055555556,14,2,53,5,1,2,1,3,2,2,0,NA,9,2,NA,3,1,4,NA,17,4,NA,1,27,9,2,4,3
93,Kimam,MISSING_Kimam,15,30,2,3,4,0,1.214285714,11,2,33,4,1,1,2,3,2,3,0,2,11,1,0,2,4,6,2,1,NA,NA,1,27,9,2,4,3
94,Kapauku,Kapauku,31,50,5,4,5,1,1.38,11,2,60,6,1,1,0,3,2,2,0,NA,7,3,NA,6,9,6,NA,15,2,NA,2,26,2,2,4,3
95,Kwoma,Kwoma,38,59,5,4,5,1,1.512195122,11,2,45,5,2,0,3,3,2,3,0,2,9,2,4.25,5,9,4,2,4,3,NA,1,27,5,2,4,3
96,Manus,Manus,2,4,2,3,3,0,1.020833333,13,2,30,3,0,9,0,1,3,2,0,NA,3,5,0,5,8,6,NA,1,3,3,2,27,1,2,4,3
97,New Ireland,New_Ireland,12,21,4,3,4,0,1.113924051,14,2,50,5,1,4,0,3,3,3,0,2,9,2,0,4,5,5,3,1,4,NA,1,28,4,2,4,3
98,Trobrianders,Trobrianders,3,39,3,3,4,0,1.590163934,11,2,53,5,0,3,1,3,3,2,0,NA,9,2,0,5,9,2,NA,1,5,NA,3,27,8,2,4,3
99,Siuai,Siuai,14,28,3,3,4,0,1.194444444,15,2,55,7,1,0,2,3,2,3,0,3,9,2,NA,5,2,4,3,7,4,NA,2,27,6,2,4,3
100,Tikopia,Tikopia,5,7,4,4,3,1,1.021505376,9,1,75,5,0,5,0,3,3,2,0,NA,9,2,0,6,5,2,NA,1,4,NA,3,25,18,2,4,3
101,Pentecost,Pentecost,12,30,4,3,3,NA,1.257142857,15,2,NA,NA,0,1,1,3,2,3,0,NA,9,2,NA,4,1,NA,1,1,3,NA,2,25,18,2,4,3
102,Mbau Fijians,Mbau_Fijians,1,3,3,3,3,NA,1.020618557,12,2,NA,3,0,5,1,1,5,2,0,NA,9,2,NA,7,9,4,NA,17,2,2,2,NA,NA,NA,4,3
103,Ajie,Ajie,NA,NA,NA,4,4,NA,NA,14,2,NA,4,0,3,0,3,3,2,0,1,11,1,NA,3,NA,NA,1,NA,NA,NA,1,23,22,2,4,5
104,Maori,Maori,1,5,3,4,3,1,1.042105263,7,1,23,3,1,2,3,4,3,2,0,NA,7,2,5.5,2,5,4,NA,15,5,2,3,15,35,2,4,4
105,Marquesans,Marquesans,0,0,2,1,1,0,1,11,2,33,3,0,4,0,3,3,2,0,1,9,2,3.5,5,NA,1,2,17,4,NA,3,27,9,2,4,3
106,Western Samoans,Western_Samoans,0,0,3,3,3,0,1,12,2,28,3,0,3,0,3,3,2,0,NA,9,2,6,6,NA,4,NA,15,3,NA,3,22,14,2,4,3
107,Gilbertese,Gilbertese,1,2,3,3,1,NA,1.010204082,14,2,45,5,1,4,0,3,3,1,0,2,9,2,NA,6,NA,5,3,NA,NA,NA,3,28,3,1,4,3
108,Marshallese,Marshallese,NA,NA,4,3,3,NA,NA,11,2,23,3,0,5,1,3,5,2,0,NA,9,2,NA,6,3,1,NA,1,3,3,3,27,7,1,4,3
109,Trukese,Trukese,0,0,2,3,2,0,1,14,2,38,4,0,5,0,3,3,2,0,2,9,2,NA,7,7,2,3,1,4,NA,1,27,7,1,4,3
110,Yapese,Yapese,5,10,3,3,3,0,1.055555556,11,2,58,5,0,4,0,3,3,2,0,NA,9,2,NA,5,1,1,NA,2,4,NA,4,28,9,1,4,3
111,Palauans,Palauans,1,2,4,3,4,0,1.010204082,12,2,NA,4,0,4,0,3,3,2,0,3,9,2,NA,5,NA,2,2,17,4,NA,3,27,7,1,4,3
112,Ifugao,Ifugao,2,4,2,3,3,0,1.020833333,13,2,NA,6,2,1,0,3,2,2,0,NA,11,1,5,6,9,2,NA,17,3,NA,2,28,16,1,4,3
113,Atayal,Atayal,0,0,1,2,2,0,1,14,2,55,5,2,1,0,4,2,2,0,3,7,3,NA,4,9,NA,NA,17,NA,NA,1,23,24,1,4,4
114,Chinese,Chinese,0,0,1,2,2,0,1,14,2,NA,1,0,1,0,1,3,2,0,NA,12,1,6,7,NA,6,NA,15,3,NA,5,NA,NA,NA,3,4
115,Manchu,Manchu,0,0,1,2,3,0,1,8,1,33,4,0,1,0,3,2,1,1,2,12,1,6,6,NA,6,3,17,3,NA,2,3,45,1,3,2
116,Koreans,Koreans,1,2,1,2,2,0,1.010204082,12,2,35,3,0,2,0,3,2,1,1,NA,12,1,6,7,8,6,NA,17,3,NA,5,-3,48,1,3,4
117,Japanese,Japanese,0,0,1,2,2,0,1,16,2,0,2,0,0,0,1,1,2,1,2,12,1,NA,7,1,5,3,1,3,NA,5,14,35,1,3,4
118,Ainu,Ainu,1,2,3,3,3,0,1.010204082,9,1,48,4,3,4,2,4,4,3,0,NA,3,6,NA,2,5,2,NA,5,3,2,1,6,44,1,3,4
119,Gilyak,Gilyak,1,3,3,3,4,0,1.020618557,8,1,20,2,3,5,2,4,5,3,0,1,3,6,NA,1,3,NA,2,12,3,3,1,-3,53,1,3,1
120,Yukaghir,Yukaghir,1,2,2,2,2,0,1.010204082,7,1,NA,0,5,4,1,4,4,2,0,NA,3,8,NA,1,NA,2,NA,2,NA,2,1,-16,71,1,3,1
121,Chukchee,Chukchee,33,49,4,4,5,1,1.31372549,8,1,13,2,2,3,0,4,2,2,0,3,6,4,NA,1,9,NA,1,15,3,NA,2,-8,65,1,3,1
122,Ingalik,Ingalik,4,8,3,3,3,0,1.043478261,7,1,23,3,4,5,1,4,5,2,0,NA,4,6,4.5,1,2,5,NA,4,3,3,2,-1,61,1,5,2
123,Aleut,Aleut,NA,NA,3,4,4,1,NA,7,1,10,2,3,6,1,3,5,2,0,2,4,6,6,4,1,5,2,17,2,3,4,-1,61,1,5,2
124,Copper Eskimo,Copper_Eskimo,5,10,2,3,3,0,1.055555556,7,1,15,2,4,6,0,4,5,2,0,NA,2,6,0,1,7,2,NA,1,4,1.5,1,-12,69,1,5,1
125,Montagnais,Montagnais,NA,NA,2,3,4,0,NA,7,1,30,3,6,2,2,6,3,2,0,2,2,8,0,1,1,2,2,1,3,1.5,1,3,48,1,5,2
126,Micmac,Micmac,NA,NA,3,4,NA,0,NA,7,1,NA,1,5,4,1,6,3,2,0,NA,2,8,3,1,NA,5,NA,1,3,1,1,4,46,1,5,4
127,Saulteaux,Saulteaux,2,4,3,3,3,0,1.020833333,7,1,30,2,4,4,2,4,4,2,0,2,3,8,0,1,3,4,2,1,2,1,1,-1,53,1,5,2
128,Slave,Slave,2,4,3,2,2,0,1.020833333,7,1,20,2,5,4,1,5,3,2,0,NA,2,8,0,2,NA,2,NA,1,4,2,1,-1,58,1,5,2
129,Kaska,Kaska,2,4,3,3,3,0,1.020833333,7,1,35,4,4,5,1,4,4,2,0,2,3,6,0,1,5,2,2,1,3,3,1,-2,60,1,5,2
130,Eyak,Eyak,NA,NA,3,4,3,1,NA,7,1,20,1,3,5,2,4,5,2,0,NA,4,6,NA,1,5,6,NA,1,4,3,2,4,60,1,5,2
131,Haida,Haida,NA,NA,4,3,4,0,NA,7,1,20,3,2,6,2,3,5,3,0,2,4,6,NA,2,NA,5,3,NA,3,3,4,8,54,1,5,4
132,Bellacoola,Bellacoola,5,10,4,3,NA,1,1.055555556,7,1,20,3,2,6,2,4,5,3,0,NA,4,6,6,3,4,5,NA,6,3,3,4,8,53,1,5,4
133,Twana,Twana,25,NA,4,3,4,0,NA,7,1,25,3,3,6,1,4,5,3,0,2,4,6,NA,5,NA,NA,NA,3,4,3,2,10,48,1,5,4
134,Yurok,MISSING_Yurok,4,8,2,3,3,1,1.043478261,7,1,43,4,1,5,4,4,4,3,0,NA,4,6,4,3,NA,5,NA,9,2,3,2,13,41,1,5,4
135,Pomo (Eastern),MISSING_Pomo_Eastern,2,4,2,3,3,0,1.020833333,7,1,38,4,3,3,4,4,3,4,0,2,1,7,4,3,3,5,3,6,3,2.5,2,15,39,1,5,4
136,Yokuts (Lake),Yokuts_Lake,5,10,2,3,2,1,1.055555556,8,1,NA,2,2,3,5,4,4,3,0,NA,3,7,NA,4,1,5,NA,NA,3,2,2,17,37,1,5,4
137,Paiute (North.),'Paiute_North.',15,27,3,3,4,0,1.164383562,7,1,50,5,3,2,5,4,3,4,0,3,1,7,NA,1,NA,2,3,1,3,2,1,9,42,1,5,2
138,Klamath,MISSING_Klamath,20,35,4,3,4,0,1.230769231,8,1,43,4,2,5,3,3,5,3,0,NA,4,6,5.5,2,9,5,NA,13,3,2,2,7,43,1,5,4
139,Kutenai,MISSING_Kutenai,10,19,2,3,4,0,1.111111111,7,1,30,3,3,4,3,4,4,3,0,3,3,6,NA,1,NA,2,2,1,3,2,1,8,50,1,5,4
140,Gros Ventre,Gros_Ventre,40,60,5,3,5,0,1.5,7,1,20,2,8,0,2,6,1,3,0,NA,5,8,NA,1,5,6,NA,1,NA,3,1,6,48,1,5,2
141,Hidatsa,Hidatsa,90,97,5,4,5,0,3.333333333,7,1,NA,6,2,1,1,4,2,3,0,2,11,1,NA,1,NA,4,1,1,2,NA,1,7,46,1,5,2
142,Pawnee,Pawnee,54,70,5,4,5,0,1.533333333,7,1,NA,4,4,0,1,4,2,2,0,NA,7,3,NA,2,5,6,NA,1,NA,NA,3,9,42,1,5,4
143,Omaha,Omaha,35,55,4,3,4,0,1.444444444,7,1,45,4,4,1,1,5,3,2,0,2,7,3,5,3,3,1,2,11,3,2.5,1,11,41,1,5,4
144,Huron,Huron,0,0,1,2,2,0,1,7,1,60,5,1,3,1,4,3,2,0,NA,7,3,3.75,5,3,3,NA,4,NA,NA,2,8,44,1,5,4
145,Creek,Creek,NA,NA,4,3,5,0,NA,9,1,55,4,2,2,2,4,3,2,0,3,7,3,4,3,9,2,1,5,2,2,1,17,33,1,5,4
146,Natchez,MISSING_Natchez,NA,NA,4,4,4,0,NA,9,1,38,3,3,2,0,4,3,2,0,NA,7,3,4,4,NA,2,NA,2,NA,NA,4,19,32,1,5,4
147,Comanche,Comanche,NA,NA,5,4,4,0,NA,7,1,10,2,9,0,1,6,2,3,0,3,5,8,NA,1,6,6,1,5,2,3,1,18,33,1,5,4
148,Chiricahua,Chiricahua,18,30,4,3,4,0,1.171428571,9,1,60,6,4,0,6,4,2,4,0,NA,5,7,NA,1,NA,2,NA,1,4,2,1,17,30,1,5,2
149,Zuni,Zuni,0,0,1,2,3,0,1,7,1,22,3,1,0,1,3,1,2,0,2,11,1,NA,3,2,2,3,1,4,NA,1,13,35,1,5,2
150,Havasupai,Havasupai,10,19,3,3,3,0,1.111111111,8,1,43,4,2,0,3,4,1,3,0,NA,11,1,0,1,NA,4,NA,1,3,NA,1,9,36,1,5,2
151,Papago,Papago,27,49,4,3,5,0,1.431372549,11,2,43,4,2,0,3,3,1,3,0,2,11,1,0,5,1,6,2,1,3,NA,1,20,31,1,5,2
152,Huichol,Huichol,NA,NA,3,3,4,NA,NA,12,2,20,3,2,1,1,4,2,2,0,NA,7,3,NA,3,NA,4,NA,NA,4,NA,2,13,23,1,5,2
153,Aztec,Aztec,NA,NA,3,3,4,0,NA,12,2,39,4,1,1,0,4,2,2,0,1,11,1,6,7,2,5,2,15,NA,NA,5,19,19,1,5,6
154,Popoluca,Popoluca,NA,NA,4,4,4,0,NA,14,2,0,2,1,1,0,3,2,2,0,NA,8,3,NA,5,NA,1,NA,NA,3,NA,1,26,18,1,5,3
155,Quiche,Quiche,NA,NA,1,2,4,0,NA,15,2,5,1,0,0,0,1,1,2,0,2,8,3,0,5,2,3,3,1,3,NA,2,23,15,1,6,6
156,Miskito,Miskito,2,4,3,3,3,0,1.020833333,13,2,NA,4,2,2,3,4,3,2,0,NA,7,3,NA,4,NA,4,NA,NA,4,2,1,26,14,1,6,3
157,Bribri,Bribri,5,10,3,3,4,0,1.055555556,16,2,NA,0,1,2,1,4,2,2,0,2,7,3,0,NA,NA,2,NA,1,NA,NA,1,23,9,1,6,3
158,Cuna (Tule),Cuna_Tule,1,2,2,3,3,0,1.010204082,13,2,0,1,1,3,0,4,3,2,0,NA,7,3,2.25,5,1,2,NA,2,3,NA,2,27,9,1,6,3
159,Goajiro,Goajiro,40,90,5,4,4,1,6,16,2,45,3,1,1,0,3,2,3,0,2,6,4,NA,2,9,6,2,10,3,NA,2,28,11,1,6,2
160,Haitians,Haitians,25,NA,5,3,5,NA,NA,16,2,35,3,0,0,0,NA,NA,2,0,NA,11,3,NA,6,1,2,NA,NA,2,NA,5,28,18,1,6,5
161,Callinago,Callinago,30,60,4,4,4,0,1.75,17,3,43,4,1,5,0,4,3,2,0,3,11,6,NA,4,NA,5,1,NA,1,1.5,2,26,15,1,6,3
162,Warrau,Warrau,60,95,5,3,5,0,8,14,2,28,2,3,2,4,4,4,3,0,NA,3,7,0,2,9,6,NA,1,4,2,1,15,9,2,6,3
163,Yanomamo,Yanomamo,38,56,5,4,5,NA,1.409090909,13,2,33,3,0,0,1,3,2,3,0,1,7,3,5,2,9,6,1,17,4,NA,1,25,1,1,6,3
164,Carib (Barama),Carib_Barama,20,37,3,3,5,NA,1.26984127,19,3,40,3,2,2,2,4,4,2,0,NA,7,3,0,1,1,2,NA,1,NA,1.5,1,28,4,1,6,5
165,Saramacca,Saramacca,60,85,5,4,5,1,2.666666667,14,2,43,4,2,2,1,4,3,2,0,2,7,3,NA,4,5,4,2,5,1,NA,1,28,5,1,6,3
166,Mundurucu,Mundurucu,7,15,3,3,4,0,1.094117647,14,2,30,3,3,2,1,4,3,2,0,NA,7,3,NA,1,NA,2,NA,NA,2,1,1,25,6,2,6,5
167,Cubeo (Tucano),Cubeo_Tucano,3,6,3,3,4,0,1.031914894,11,2,45,4,1,3,1,4,3,2,0,3,7,3,NA,2,7,5,2,11,3,NA,2,25,1,1,6,3
168,Cayapa,Cayapa,0,0,1,2,2,0,1,12,2,NA,3,1,2,1,4,3,2,0,NA,9,8,0,3,1,4,NA,1,3,NA,1,25,1,1,6,3
169,Jivaro,Jivaro,50,90,5,4,5,1,5,18,3,53,5,2,1,1,4,3,2,0,2,7,3,NA,2,NA,6,1,NA,3,NA,1,25,4,2,6,3
170,Amahuaca,Amahuaca,50,70,5,3,5,0,1.666666667,12,2,25,3,4,1,0,4,2,2,0,NA,7,3,NA,1,NA,NA,NA,16,NA,NA,1,24,12,2,6,3
171,Inca,Inca,10,27,4,3,4,0,1.232876712,12,2,18,3,1,0,0,3,2,2,0,2,11,1,NA,4,NA,NA,1,17,NA,NA,5,11,13,2,6,6
172,Aymara,Aymara,0,0,1,2,2,0,1,13,2,53,5,0,1,0,3,3,2,1,NA,7,3,NA,6,6,2,NA,3,2,NA,2,8,17,2,6,6
173,Siriono,Siriono,11,38,3,4,5,0,1.435483871,16,2,20,3,5,1,3,5,2,3,0,2,2,8,0,1,5,1,1,1,3,1,1,23,16,2,6,5
174,Nambicuara,Nambicuara,31,55,4,4,5,0,1.533333333,12,2,38,3,3,1,4,4,3,4,0,NA,7,7,NA,2,NA,6,NA,17,5,1,1,27,16,2,6,5
175,Trumai,Trumai,12,22,3,3,4,0,1.128205128,14,2,35,4,1,3,2,3,3,3,0,2,7,3,NA,1,1,5,1,NA,NA,1.5,1,25,14,2,6,5
176,Timbira,MISSING_Timbira,0,0,1,2,2,NA,1,16,2,48,4,3,1,2,4,2,2,0,NA,7,3,NA,3,2,2,NA,1,4,1,1,26,5,2,6,5
177,Tupinamba,Tupinamba,30,50,4,4,4,1,1.4,18,3,50,4,2,2,2,4,3,2,0,3,7,3,5,2,2,4,1,17,4,2,2,27,8,2,6,3
178,Botocudo,Botocudo,33,55,3,3,5,0,1.488888889,17,3,50,3,4,1,5,6,3,2,0,NA,2,8,NA,1,NA,NA,NA,14,NA,1,1,21,19,2,6,5
179,Shavante,Shavante,24,49,5,4,5,NA,1.490196078,20,3,38,4,3,1,4,4,2,5,0,3,1,7,NA,1,9,6,1,13,4,1,1,25,14,2,6,5
180,Aweikoma,Aweikoma,30,50,3,4,5,1,1.4,15,2,30,2,6,0,4,6,2,3,0,NA,2,8,NA,1,9,1,NA,NA,4,1,1,16,29,2,6,4
181,Cayua,Cayua,NA,NA,3,3,4,0,NA,12,2,28,4,2,1,2,5,2,3,0,2,7,3,NA,2,NA,NA,3,NA,4,NA,1,22,23,2,6,4
182,Lengua,Lengua,3,6,3,3,3,0,1.031914894,11,2,20,2,5,2,2,5,3,3,0,NA,2,8,3,1,NA,1,NA,1,NA,1,1,24,23,2,6,4
183,Abipon,Abipon,5,10,4,3,3,0,1.055555556,12,2,20,3,6,1,2,5,2,3,0,3,5,8,5,2,5,5,1,13,NA,2.5,4,20,29,2,6,4
184,Mapuche,Mapuche,6,10,4,3,3,1,1.044444444,8,1,30,3,0,1,1,3,3,2,0,NA,12,1,0,5,5,NA,NA,1,4,NA,2,16,39,2,6,4
185,Tehuelche,Tehuelche,1,2,2,3,3,0,1.010204082,7,1,NA,1,7,1,2,6,2,2,0,2,5,8,NA,1,9,2,2,9,3,2,1,11,46,2,6,2
186,Yahgan,Yahgan,5,10,2,3,3,0,1.055555556,7,1,45,6,2,7,1,3,5,2,0,NA,3,6,NA,2,9,1,NA,8,4,1,1,5,55,2,6,4
